<?xml version="1.0" encoding="UTF-8" standalone="yes" ?>
<addon id="plugin.video.vplaybg" name="VPLAYBG" version="0.0.2" provider-name="Majide">
  <requires>
  	<import addon="xbmc.python" version="2.1.0"/>
  	<import addon="script.module.urlresolver"/>
  </requires>
  <extension point="xbmc.python.pluginsource" library="default.py">
  	<provides>video</provides>
  </extension>
  <extension point="xbmc.addon.metadata">
  	<summary lang="bg">Приставка за съдържание при поискване от vplaybg.com</summary>
  	<summary lang="en">Addon for VOD from vplaybg.com</summary>
	<description lang="bg">Приставка за съдържание при поискване от vplaybg.com. Препоръчително е използването на широколентова интернет връзка!</description>
  	<description lang="en">Addon for watching on demand videos from vplaybg.com. Broadband internet connection is recomended!</description>
  	<disclaimer lang="bg">Някои елементи на тази приставка, може да не са легални в държавата ви - проверете и инсталирайте на ваша отговорност.</disclaimer>
  	<disclaimer lang="en">Some parts of this addon may not be legal in your country of residence - please check with your local laws before installing.</disclaimer>
  	<language>bg,en</language>
  	<platform>all</platform>
  	<forum></forum>
  	<website></website>
  	<email></email>
  	<broken lang="bg">Тази "Just concept" приставка е създадена по изцяло демонстрационни причини, не е предназначена да се използва и няма да бъде актуализирана занапред</broken>
  	<broken lang="en">Discontinued addon development</broken>
  </extension>
</addon>
