<?xml version="1.0" encoding="UTF-8" standalone="yes"?>
<addon id="plugin.video.mytv_bg" name="MyTV.BG" version="2.0.5" provider-name="jordan@mytv.bg">
	<requires>
		<import addon="xbmc.python" version="2.24.0"/>
		<import addon="script.module.requests" version="2.7.0"/> 
		<import addon="script.module.xbmcswift" version="0.0.1"/>
		<import addon="script.module.pyxbmct" version="1.1.4"/>
	</requires>
	<extension point="xbmc.python.pluginsource" library="addon.py">
		<provides>video</provides>
	</extension>
	<extension point="xbmc.addon.metadata">
		<platform>all</platform>
		<language>bg</language>
		<license>The MIT License (MIT)</license>
		<summary lang="bg">Видео плъгин за MyTV.bg https://mytv.bg/</summary>
		<summary lang="en">Video addon for MyTV.bg https://mytv.bg/</summary>
		<description lang="bg">
			Този адон предлага достъп до стриймовете на MyTV.BG (канали на живо и сериали).
			За да го ползвате е нужна активна MyTV.bg регистрация.
		</description>
		<description lang="en">
			This addon provides access to streams of MyTV.BG (channels live and series).
			To use it is necessary active MyTV.bg registration.
		</description>
		<disclaimer lang="bg">
			Нужни са активни потребителско име и парола.
			Може да се ползва само извън България. За детайли виж http://mytv.bg/countries
		</disclaimer>
		<website>https://mytv.bg/</website>
		<email>jordan@mytv.bg</email>
	</extension>
</addon>
